-- Insertar datos en la tabla Artículo
INSERT INTO Articulo (nombre, stock, punto_pedido, modelo_inventario, tasa_rotacion) VALUES
('Tornillo hexagonal M6x20 mm, acero inoxidable A2', 10000, 5000, 'INTERVALO FIJO', 0.03),
('Tornillo avellanado M8x30 mm, acero al carbono grado 8.8', 8000, 4000, 'INTERVALO FIJO', 0.04),
('Tuerca hexagonal M10, acero inoxidable A4', 6000, 3000, 'INTERVALO FIJO', 0.05),
('Arandela plana M12, acero al carbono zincada', 5000, 2500, 'INTERVALO FIJO', 0.06),
('Clavo de construcción 3" x 0.148", cabeza de clavija', 3000, 1500, 'INTERVALO FIJO', 0.07),
('Clavo de techado 1 1/4" x 0.120", cabeza ancha', 2500, 1250, 'INTERVALO FIJO', 0.08),
('Martillo de bola 24 onzas, mango de fibra de vidrio', 400, 100, 'INTERVALO FIJO', 0.2),
('Destornillador plano 6" x 1/4", cromo vanadio', 800, 400, 'INTERVALO FIJO', 0.15),
('Destornillador Phillips #2 x 6", cromo vanadio', 700, 350, 'INTERVALO FIJO', 0.16),
('Sierra de arco 24", hoja de acero al carbono endurecida', 150, 50, 'INTERVALO FIJO', 0.1),
('Alicate de corte diagonal 8", acero al cromo vanadio', 300, 100, 'INTERVALO FIJO', 0.12),
('Tornillo cabeza hexagonal M5x16 mm, acero inoxidable A2', 15000, 7500, 'INTERVALO FIJO', 0.02),
('Tornillo avellanado M6x25 mm, acero al carbono grado 8.8', 12000, 6000, 'INTERVALO FIJO', 0.03),
('Tuerca hexagonal M8, acero inoxidable A4', 10000, 5000, 'INTERVALO FIJO', 0.04),
('Arandela de presión M10, acero al carbono zincada', 8000, 4000, 'INTERVALO FIJO', 0.05),
('Clavo de construcción 2 1/2" x 0.131", cabeza de clavija', 6000, 3000, 'INTERVALO FIJO', 0.06),
('Clavo de techado 1 1/2" x 0.120", cabeza ancha', 5000, 2500, 'INTERVALO FIJO', 0.07),
('Martillo de uña 20 onzas, mango de fibra de vidrio', 600, 200, 'INTERVALO FIJO', 0.15),
('Destornillador plano 8" x 5/16", cromo vanadio', 1200, 600, 'INTERVALO FIJO', 0.12),
('Destornillador Phillips #3 x 8", cromo vanadio', 1000, 500, 'INTERVALO FIJO', 0.13),
('Sierra de arco 30", hoja de acero al carbono endurecida', 200, 75, 'INTERVALO FIJO', 0.08),
('Alicate de punta de aguja 6", acero al cromo vanadio', 400, 150, 'INTERVALO FIJO', 0.1),
('Broca para metal 1/8" x 3", acero de alta velocidad', 2000, 1000, 'INTERVALO FIJO', 0.04),
('Broca para madera 1/4" x 6", acero de alta velocidad', 1500, 750, 'INTERVALO FIJO', 0.06),
('Cinta métrica 25 ft x 1", carcasa de ABS', 400, 200, 'INTERVALO FIJO', 0.07),
('Nivel de burbuja 24", aluminio extruido', 300, 150, 'INTERVALO FIJO', 0.08),
('Llave ajustable 8", acero al cromo vanadio', 800, 400, 'INTERVALO FIJO', 0.05),
('Llave de cubo 1/2" x 10 mm, acero al cromo vanadio', 600, 300, 'INTERVALO FIJO', 0.06),
('Remachadora manual, aluminio y acero', 200, 100, 'INTERVALO FIJO', 0.1),
('Grapadora manual, acero', 500, 250, 'INTERVALO FIJO', 0.08),
('Cizalla para chapa 10", acero al carbono endurecido', 150, 75, 'INTERVALO FIJO', 0.12),
('Escuadra combinada 12", aluminio', 600, 300, 'INTERVALO FIJO', 0.06),
('Escuadra falsa 6", acero inoxidable', 400, 200, 'INTERVALO FIJO', 0.08),
('Mordaza de banco 4", hierro fundido', 300, 150, 'INTERVALO FIJO', 0.1),
('Pinza de presión 6", acero al cromo vanadio', 500, 250, 'INTERVALO FIJO', 0.07),
('Sacabocados 3/4", acero de alta velocidad', 200, 100, 'INTERVALO FIJO', 0.12),
('Berbiquí manual, cuerpo de hierro fundido', 100, 50, 'INTERVALO FIJO', 0.15),
('Macho de roscar M6x1.0 mm, acero al carbono', 1000, 500, 'INTERVALO FIJO', 0.06),
('Terraja M8x1.25 mm, acero al carbono', 800, 400, 'INTERVALO FIJO', 0.07),
('Lima plana 8", acero al carbono', 400, 200, 'INTERVALO FIJO', 0.09),
('Lima redonda 6", acero al carbono', 300, 150, 'INTERVALO FIJO', 0.11),
('Esmeriladora angular 4 1/2", 11000 RPM', 80, 40, 'INTERVALO FIJO', 0.2),
('Taladro percutor 1/2", 650 RPM', 60, 30, 'INTERVALO FIJO', 0.25),
('Llave de impacto 1/2", 300 ft-lb', 40, 20, 'INTERVALO FIJO', 0.3),
('Compresor de aire 3 HP, 20 galones', 20, 10, 'INTERVALO FIJO', 0.4),
('Remachadora neumática, 3/16"', 100, 50, 'INTERVALO FIJO', 0.15),
('Grapadora neumática 1/2" a 1 1/4"', 80, 40, 'INTERVALO FIJO', 0.18),
('Clavadora de precisión 23 ga', 60, 30, 'INTERVALO FIJO', 0.2),
('Clavadora de ribetes 1 1/4"', 50, 25, 'INTERVALO FIJO', 0.22),
('Llave de torque 1/2", 20-150 ft-lb', 30, 15, 'INTERVALO FIJO', 0.25),
('Micrómetro exterior 0-1", 0.00005"', 50, 25, 'INTERVALO FIJO', 0.1),
('Calibrador pie de rey 6", 0.001"', 100, 50, 'INTERVALO FIJO', 0.08),
('Regla graduada 24", acero inoxidable', 200, 100, 'INTERVALO FIJO', 0.06),
('Escuadra de combinación 12", aluminio', 150, 75, 'INTERVALO FIJO', 0.07),
('Juego de galgas de espesores 0.0015-0.035"', 80, 40, 'INTERVALO FIJO', 0.1),
('Cortadora de tubos 1/8" - 1 1/8"', 60, 30, 'INTERVALO FIJO', 0.12),
('Llave stilson 14", acero al cromo vanadio', 100, 50, 'INTERVALO FIJO', 0.09),
('Cuchilla de navaja utilitaria, 25 mm', 5000, 2500, 'INTERVALO FIJO', 0.02),
('Hoja de sierra caladora, 6 TPI', 1000, 500, 'INTERVALO FIJO', 0.04);


--Insertar datos en la tabla Articulo_Precio_Venta
INSERT INTO Articulo_Precio_Venta (articulo_id, precio, fecha_inicio, fecha_fin) VALUES
(1, 0.50, '2024-01-01', null),
(2, 0.75, '2024-01-01', null),
(3, 1.25, '2024-01-01', null),
(4, 0.20, '2024-01-01', null),
(5, 0.15, '2024-01-01', null),
(6, 0.20, '2024-01-01', null),
(7, 8.99, '2024-01-01', null),
(8, 1.50, '2024-01-01', null),
(9, 1.75, '2024-01-01', null),
(10, 12.99, '2024-01-01', null),
(11, 6.99, '2024-01-01', null),
(12, 1.99, '2024-01-01', null),
(13, 2.49, '2024-01-01', null),
(14, 3.99, '2024-01-01', null),
(15, 7.99, '2024-01-01', null),
(16, 9.99, '2024-01-01', null),
(17, 11.99, '2024-01-01', null),
(18, 14.99, '2024-01-01', null),
(19, 6.99, '2024-01-01', null),
(20, 29.99, '2024-01-01', null),
(21, 4.99, '2024-01-01', null),
(22, 5.99, '2024-01-01', null),
(23, 12.99, '2024-01-01', null),
(24, 9.99, '2024-01-01', null),
(25, 7.99, '2024-01-01', null),
(26, 19.99, '2024-01-01', null),
(27, 3.99, '2024-01-01', null),
(28, 5.99, '2024-01-01', null),
(29, 2.99, '2024-01-01', null),
(30, 3.49, '2024-01-01', null),
(31, 89.99, '2024-01-01', null),
(32, 149.99, '2024-01-01', null),
(33, 99.99, '2024-01-01', null),
(34, 399.99, '2024-01-01', null),
(35, 69.99, '2024-01-01', null),
(36, 99.99, '2024-01-01', null),
(37, 59.99, '2024-01-01', null),
(38, 79.99, '2024-01-01', null),
(39, 49.99, '2024-01-01', null),
(40, 29.99, '2024-01-01', null),
(41, 19.99, '2024-01-01', null),
(42, 4.99, '2024-01-01', null),
(43, 9.99, '2024-01-01', null),
(44, 24.99, '2024-01-01', null),
(45, 39.99, '2024-01-01', null),
(46, 24.99, '2024-01-01', null),
(47, 1.99, '2024-01-01', null),
(48, 2.99, '2024-01-01', null);

-- Insertar datos en la tabla Proveedor
INSERT INTO Proveedor (nombre, correo, telefono, direccion) VALUES
('Acme Suministros Industriales', 'ventas@acmesuministros.com', '(555) 123-4567', 'Calle Industria 123, Ciudad Industrial'),
('Ferretería El Tornillo Feliz', 'pedidos@tornillofeliz.com', '(555) 234-5678', 'Avenida Central 456, Colonia Ferreterías'),
('Distribuidora AGM', 'ordenes@distribuidoraagm.com', '(555) 345-6789', 'Boulevard Industrial 789, Parque Industrial'),
('Herrajes y Fijaciones SA de CV', 'ventasherrajes@hyfsa.com', '(555) 456-7890', 'Calle Remaches 234, Zona Industrial'),
('Importadora Herralum', 'pedidos@herralum.com', '(555) 567-8901', 'Avenida Metalúrgica 567, Ciudad Metalera'),
('Suministros Técnicos del Norte', 'ordenes@sumintecnor.com', '(555) 678-9012', 'Calzada Tecnológica 890, Corredor Industrial'),
('Abastecedora de Herramientas y Equipos', 'ventas@abasteceherramientas.com', '(555) 789-0123', 'Boulevard Maquinaria 123, Parque de Maquinaria'),
('Proveedora Internacional de Fijaciones', 'pedidos@pifijaciones.com', '(555) 890-1234', 'Calle Tornillería 456, Zona de Proveedores'),
('Suministros Industriales del Pacífico', 'ordenes@sumipacific.com', '(555) 901-2345', 'Avenida Costa Industrial 789, Puerto Industrial'),
('Herrajes y Ferretería del Sureste', 'ventas@herrajesureste.com', '(555) 012-3456', 'Boulevard Ferretero 234, Corredor Ferretero'),
('Distribuidora de Fijaciones del Centro', 'pedidos@disfijaciones.com', '(555) 123-4567', 'Calle Remaches Centrales 567, Zona Industrial Central'),
('Importaciones Técnicas del Norte', 'ordenes@importecnor.com', '(555) 234-5678', 'Avenida Tecnológica Norte 890, Parque Tecnológico'),
('Ferretería Industrial del Occidente', 'ventas@ferreteriaoccidente.com', '(555) 345-6789', 'Boulevard Maquinaria Oeste 123, Corredor Industrial Oeste'),
('Proveedora de Herrajes y Equipos', 'pedidos@proherrajes.com', '(555) 456-7890', 'Calle Herramienta 456, Zona de Proveedores Industriales'),
('Suministros Técnicos del Sur', 'ordenes@sumitecnor.com', '(555) 567-8901', 'Avenida Tecnológica Sur 789, Parque Industrial Sur');

-- Insertar datos en la tabla Articulo_Proveedor
INSERT INTO Articulo_Proveedor (plazo_entrega, articulo_id, proveedor_id, costo_pedido) VALUES
(5, 1, 1, 0.35),
(7, 2, 2, 0.55),
(10, 3, 3, 0.90),
(3, 4, 4, 0.12),
(6, 5, 5, 0.09),
(8, 6, 6, 0.14),
(4, 7, 7, 6.50),
(6, 8, 8, 1.10),
(9, 9, 9, 1.30),
(5, 10, 10, 9.50),
(7, 11, 11, 5.00),
(3, 12, 12, 1.40),
(6, 13, 13, 1.80),
(8, 14, 14, 2.90),
(4, 15, 15, 5.70),
(7, 16, 1, 7.20),
(5, 17, 2, 8.50),
(9, 18, 3, 10.80),
(6, 19, 4, 4.90),
(8, 20, 5, 21.00),
(3, 21, 6, 3.40),
(7, 22, 7, 4.20),
(5, 23, 8, 9.00),
(9, 24, 9, 7.10),
(6, 25, 10, 5.60),
(8, 26, 11, 14.50),
(4, 27, 12, 2.80),
(7, 28, 13, 4.20),
(5, 29, 14, 2.10),
(9, 30, 15, 2.40),
(6, 31, 1, 63.00),
(8, 32, 2, 105.00),
(3, 33, 3, 70.00),
(7, 34, 4, 280.00),
(5, 35, 5, 49.00),
(9, 36, 6, 70.00),
(6, 37, 7, 42.00),
(8, 38, 8, 56.00),
(4, 39, 9, 35.00),
(7, 40, 10, 21.00),
(5, 41, 11, 14.00),
(9, 42, 12, 3.50),
(6, 43, 13, 7.00),
(8, 44, 14, 17.50),
(3, 45, 15, 28.00),
(7, 46, 1, 17.50),
(5, 47, 2, 1.40),
(9, 48, 3, 2.10);

-- Insertar datos en la tabla Precio
INSERT INTO Precio (articulo_proveedor_id, precio_unidad, cantidad_min, cantidad_max, fecha_inicio, fecha_fin) VALUES
(1, 0.40, 100, 1000, '2024-01-01', null),
(2, 0.60, 100, 1000, '2024-01-01', null),
(3, 1.00, 50, 500, '2024-01-01', null),
(4, 0.15, 500, 5000, '2024-01-01', null),
(5, 0.10, 1000, 10000, '2024-01-01', null),
(6, 0.15, 500, 5000, '2024-01-01', null),
(7, 7.50, 10, 100, '2024-01-01', null),
(8, 1.25, 50, 500, '2024-01-01', null),
(9, 1.50, 50, 500, '2024-01-01', null),
(10, 10.99, 5, 50, '2024-01-01', null),
(11, 6.00, 10, 100, '2024-01-01', null),
(12, 1.75, 100, 1000, '2024-01-01', null),
(13, 2.00, 50, 500, '2024-01-01', null),
(14, 3.50, 20, 200, '2024-01-01', null),
(15, 6.50, 10, 100, '2024-01-01', null),
(16, 8.00, 10, 100, '2024-01-01', null),
(17, 9.50, 10, 100, '2024-01-01', null),
(18, 12.00, 5, 50, '2024-01-01', null),
(19, 5.50, 20, 200, '2024-01-01', null),
(20, 24.99, 2, 20, '2024-01-01', null),
(21, 4.00, 25, 250, '2024-01-01', null),
(22, 5.00, 20, 200, '2024-01-01', null),
(23, 10.00, 5, 50, '2024-01-01', null),
(24, 8.00, 10, 100, '2024-01-01', null),
(25, 6.50, 10, 100, '2024-01-01', null),
(26, 17.50, 2, 20, '2024-01-01', null),
(27, 3.25, 25, 250, '2024-01-01', null),
(28, 4.75, 15, 150, '2024-01-01', null),
(29, 2.50, 50, 500, '2024-01-01', null),
(30, 3.00, 30, 300, '2024-01-01', null),
(31, 75.00, 1, 10, '2024-01-01', null),
(32, 125.00, 1, 10, '2024-01-01', null),
(33, 85.00, 2, 20, '2024-01-01', null),
(34, 350.00, 1, 5, '2024-01-01', null),
(35, 60.00, 2, 20, '2024-01-01', null),
(36, 85.00, 1, 10, '2024-01-01', null),
(37, 50.00, 2, 20, '2024-01-01', null),
(38, 65.00, 1, 10, '2024-01-01', null),
(39, 42.50, 2, 20, '2024-01-01', null),
(40, 25.00, 2, 20, '2024-01-01', null),
(41, 17.50, 5, 50, '2024-01-01', null),
(42, 4.00, 25, 250, '2024-01-01', null),
(43, 8.00, 10, 100, '2024-01-01', null),
(44, 22.50, 2, 20, '2024-01-01', null),
(45, 35.00, 1, 10, '2024-01-01', null),
(46, 20.00, 3, 30, '2024-01-01', null),
(47, 1.75, 100, 1000, '2024-01-01', null),
(48, 2.50, 50, 500, '2024-01-01', null);


-- Insertar datos en la tabla Orden_Compra
INSERT INTO Orden_Compra (articulo_proveedor_id, cantidad, total) VALUES
(1, 500, 200),
(2, 400, 240),
(3, 300, 300),
(4, 1000, 150),
(5, 800, 80),
(6, 700, 105),
(7, 50, 375),
(8, 200, 250),
(9, 150, 225),
(10, 20, 220);
-- Insertar datos en la tabla Orden_Compra_Estado
INSERT INTO Orden_Compra_Estado (orden_compra_id, estado, fecha) VALUES
(1, 'Pendiente', '2024-06-01'),
(2, 'Enviada', '2024-06-02'),
(3, 'Recibida', '2024-06-03'),
(4, 'Cancelada', '2024-06-04'),
(5, 'Pendiente', '2024-06-05'),
(6, 'Enviada', '2024-06-06'),
(7, 'Recibida', '2024-06-07'),
(8, 'Pendiente', '2024-06-08'),
(9, 'Enviada', '2024-06-09'),
(10, 'Recibida', '2024-06-10');
